Action,Time,ISIN,Ticker,Name,Notes,ID,No. of shares,Price / share,Currency (Price / share),Exchange rate,Result,Currency (Result),Total,Currency (Total),Withholding tax,Currency (Withholding tax),Currency conversion fee,Currency (Currency conversion fee),Merchant name,Merchant category
Deposit,2025-10-19 04:52:13,,,,"Transaction ID: 32c1ee0f-4859-46c3-9c39-64307f03c9ab",20959a13-754b-4a38-b477-1b83f1268edb,,,,,,,50.00,"GBP",,,,,,
Deposit,2025-10-19 07:38:01,,,,,9e18eda2-12f7-4b1b-a71f-b8a00b57c415,,,,,,,100.00,"GBP",,,,,,
Market buy,2025-10-20 13:30:08,US4943681035,KMB,"Kimberly-Clark",,EOF40607307872,0.0330278000,121.9000000000,USD,1.34202960,,"GBP",3.00,"GBP",,,,,,
Market buy,2025-10-20 13:30:09,US0084921008,ADC,"Agree Realty",,EOF40607310890,0.0533256900,75.5000000000,USD,1.34202986,,"GBP",3.00,"GBP",,,,,,
Market buy,2025-10-20 13:30:09,US17275R1023,CSCO,"Cisco Systems",,EOF40607310886,0.0573925800,70.1500000000,USD,1.34202982,,"GBP",3.00,"GBP",,,,,,
Market buy,2025-10-20 13:30:09,US7802871084,RGLD,"Royal Gold",,EOF40607319108,0.0203339300,198.0000000000,USD,1.34203938,,"GBP",3.00,"GBP",,,,,,
Market buy,2025-10-20 13:30:09,US8552441094,SBUX,"Starbucks",,EOF40607319112,0.0469190000,85.8100000000,USD,1.34203979,,"GBP",3.00,"GBP",,,,,,
Market buy,2025-10-20 13:30:09,US3695501086,GD,"General Dynamics",,EOF40607314980,0.0120900800,333.0100000000,USD,1.34203918,,"GBP",3.00,"GBP",,,,,,
Market buy,2025-10-20 13:30:09,US7134481081,PEP,"PepsiCo",,EOF40607314984,0.0260691500,154.4400000000,USD,1.34203984,,"GBP",3.00,"GBP",,,,,,
Market buy,2025-10-20 13:30:09,CA0641491075,BNS,"Bank of Nova Scotia",,EOF40607319104,0.0629967100,63.9100000000,USD,1.34203991,,"GBP",3.00,"GBP",,,,,,
Market buy,2025-10-20 13:30:09,US85254J1025,STAG,"STAG Industrial",,EOF40607314972,0.1046560900,38.4700000000,USD,1.34203992,,"GBP",3.00,"GBP",,,,,,
Market buy,2025-10-20 13:30:09,US8718291078,SYY,"Sysco",,EOF40607314976,0.0503828000,79.9100000000,USD,1.34202984,,"GBP",3.00,"GBP",,,,,,
Market buy,2025-10-20 13:30:09,US3765361080,GOOD,"Gladstone Commercial",,EOF40607314968,0.3441102500,11.7000000000,USD,1.34202997,,"GBP",3.00,"GBP",,,,,,
Market buy,2025-10-20 13:30:17,IE00BLS09M33,PNR,"Pentair",,EOF40607328427,0.0366010900,110.0000000000,USD,1.34203996,,"GBP",3.00,"GBP",,,,,,
Market buy,2025-10-20 13:30:17,US7561091049,O,"Realty Income",,EOF40607328431,0.0670684600,60.0300000000,USD,1.34203988,,"GBP",3.00,"GBP",,,,,,
Market buy,2025-10-20 13:30:17,CA8911605092,TD,"Toronto-Dominion Bank",,EOF40607328419,0.0507323500,79.3600000000,USD,1.34203976,,"GBP",3.00,"GBP",,,,,,
Market buy,2025-10-20 13:30:17,US1101221083,BMY,"Bristol-Myers Squibb",,EOF40607328423,0.0922998600,43.6200000000,USD,1.34203996,,"GBP",3.00,"GBP",,,,,,
Market buy,2025-10-20 13:30:17,US2788651006,ECL,"Ecolab",,EOF40607328435,0.0144824400,278.0000000000,USD,1.34203944,,"GBP",3.00,"GBP",,,,,,
Market buy,2025-10-20 13:30:17,US1912161007,KO,"Coca-Cola",,EOF40607328440,0.0588270000,68.4400000000,USD,1.34203996,,"GBP",3.00,"GBP",,,,,,
Market buy,2025-10-20 13:30:17,US5801351017,MCD,"McDonald's",,EOF40607328394,0.0130718100,308.0000000000,USD,1.34203916,,"GBP",3.00,"GBP",,,,,,
Market buy,2025-10-20 13:30:17,US7427181091,PG,"Procter & Gamble",,EOF40607328398,0.0264876300,152.0000000000,USD,1.34203992,,"GBP",3.00,"GBP",,,,,,
Market buy,2025-10-20 13:30:17,US09290D1019,BLK,"BlackRock",,EOF40607328411,0.0033879000,1188.3800000000,USD,1.34203753,,"GBP",3.00,"GBP",,,,,,
Market buy,2025-10-20 13:30:17,US56035L1044,MAIN,"Main Street Capital",,EOF40607328415,0.0689640200,58.3800000000,USD,1.34203982,,"GBP",3.00,"GBP",,,,,,
Market buy,2025-10-20 13:30:17,US4523081093,ITW,"Illinois Tool Works",,EOF40607328402,0.0161044800,250.0000000000,USD,1.34204000,,"GBP",3.00,"GBP",,,,,,
Market buy,2025-10-20 13:30:17,US0530151036,ADP,"Automatic Data Processing",,EOF40607328406,0.0142770200,282.0000000000,USD,1.34203988,,"GBP",3.00,"GBP",,,,,,
Market buy,2025-10-20 13:30:17,US5021751020,LTC,"LTC Properties",,EOF40607334524,0.1134109800,35.5000000000,USD,1.34202993,,"GBP",3.00,"GBP",,,,,,
Market buy,2025-10-20 13:30:17,US5486611073,LOW,"Lowe's",,EOF40607334528,0.0164331400,245.0000000000,USD,1.34203976,,"GBP",3.00,"GBP",,,,,,
Market buy,2025-10-20 13:30:17,US14149Y1082,CAH,"Cardinal Health",,EOF40607334520,0.0256179600,157.1600000000,USD,1.34203953,,"GBP",3.00,"GBP",,,,,,
Market buy,2025-10-20 13:30:17,US5949181045,MSFT,"Microsoft",,EOF40607334532,0.0078142100,515.2300000000,USD,1.34203847,,"GBP",3.00,"GBP",,,,,,
Market buy,2025-10-20 13:30:17,US46625H1005,JPM,"JPMorgan Chase & Co",,EOF40607338928,0.0134678800,298.9400000000,USD,1.34202934,,"GBP",3.00,"GBP",,,,,,
Market buy,2025-10-20 13:30:17,CH0044328745,CB,"Chubb",,EOF40607338943,0.0148827800,270.5200000000,USD,1.34202988,,"GBP",3.00,"GBP",,,,,,
Market buy,2025-10-20 13:30:17,US7766961061,ROP,"Roper Technologies",,EOF40607338933,0.0078955300,509.9200000000,USD,1.34202955,,"GBP",3.00,"GBP",,,,,,
Market buy,2025-10-20 13:30:17,US6935061076,PPG,"PPG Industries",,EOF40607338937,0.0394714700,102.0000000000,USD,1.34202998,,"GBP",3.00,"GBP",,,,,,
Market buy,2025-10-20 13:30:18,US2910111044,EMR,"Emerson Electric",,EOF40607344715,0.0309178300,130.2200000000,USD,1.34203994,,"GBP",3.00,"GBP",,,,,,
Market buy,2025-10-20 13:30:18,CA7800871021,RY,"Royal Bank of Canada",,EOF40607344723,0.0275931700,145.9100000000,USD,1.34203981,,"GBP",3.00,"GBP",,,,,,
Market buy,2025-10-20 13:30:18,US26441C2044,DUK,"Duke Energy",,EOF40607343116,0.0310897200,129.5000000000,USD,1.34203958,,"GBP",3.00,"GBP",,,,,,
Market buy,2025-10-20 13:30:18,US57636Q1040,MA,"Mastercard",,EOF40607343108,0.0071755300,561.0900000000,USD,1.34203937,,"GBP",3.00,"GBP",,,,,,
Market buy,2025-10-20 13:30:18,US0378331005,AAPL,"Apple",,EOF40607343112,0.0157281400,255.9800000000,USD,1.34202975,,"GBP",3.00,"GBP",,,,,,
Market buy,2025-10-20 13:30:18,US3848021040,GWW,"WW Grainger",,EOF40607346396,0.0041729600,964.8100000000,USD,1.34203784,,"GBP",3.00,"GBP",,,,,,
Market buy,2025-10-20 13:30:18,US74144T1088,TROW,"T Rowe Price",,EOF40607348818,0.0386975200,104.0400000000,USD,1.34202999,,"GBP",3.00,"GBP",,,,,,
Market buy,2025-10-20 13:30:18,US4781601046,JNJ,"Johnson & Johnson",,EOF40607348578,0.0208003700,193.5600000000,USD,1.34203987,,"GBP",3.00,"GBP",,,,,,
Market buy,2025-10-20 13:30:23,CA1363851017,CNQ,"Canadian Natural Resources",,EOF40609700571,0.1334910400,30.1600000000,USD,1.34202992,,"GBP",3.00,"GBP",,,,,,
Market buy,2025-10-20 13:30:23,CA0636711016,BMO,"Bank of Montreal",,EOF40609701255,0.0321059800,125.4000000000,USD,1.34202996,,"GBP",3.00,"GBP",,,,,,
Market buy,2025-10-20 13:30:23,US9311421039,WMT,"Walmart",,EOF40609700262,0.0373651000,107.7500000000,USD,1.34202984,,"GBP",3.00,"GBP",,,,,,
Market buy,2025-10-20 13:30:24,AN8068571086,SLB,"SLB",,EOF40609702469,0.1218190600,33.0500000000,USD,1.34203997,,"GBP",3.00,"GBP",,,,,,
Market buy,2025-10-20 13:30:24,US00123Q1040,AGNC,"AGNC Investment",,EOF40609702191,0.4022127800,10.0100000000,USD,1.34204997,,"GBP",3.00,"GBP",,,,,,
Market buy,2025-10-20 13:30:24,US8243481061,SHW,"Sherwin-Williams",,EOF40609703732,0.0120434300,334.3000000000,USD,1.34203954,,"GBP",3.00,"GBP",,,,,,
Market buy,2025-10-20 13:30:24,US6703461052,NUE,"Nucor",,EOF40609705233,0.0299219600,134.5500000000,USD,1.34199990,,"GBP",3.00,"GBP",,,,,,
Market buy,2025-10-20 13:30:42,US0010551028,AFL,"Aflac",,EOF40609707530,0.0370630600,108.6200000000,USD,1.34192985,,"GBP",3.00,"GBP",,,,,,
Market buy,2025-10-20 13:30:46,US1667641005,CVX,"Chevron",,EOF40609708477,0.0261925100,153.7000000000,USD,1.34192959,,"GBP",3.00,"GBP",,,,,,
Market buy,2025-10-20 13:31:08,US4592001014,IBM,"IBM",,EOF40609711271,0.0142793100,281.9000000000,USD,1.34177916,,"GBP",3.00,"GBP",,,,,,
Market buy,2025-10-20 13:31:50,US1729674242,C,"Citigroup",,EOF40609715241,0.0412876900,97.5000000000,USD,1.34184992,,"GBP",3.00,"GBP",,,,,,
Deposit,2025-10-23 16:52:46,,,,"Transaction ID: X9MWRSDW4WMC9KQ9",a3cb03a0-23ec-424b-bc0f-4284b4c09c1f,,,,,,,5.00,"GBP",,,,,,
Withdrawal,2025-10-23 16:55:01,,,,"Sent to Bank Account 77-26-13 / 46093060",5309f5ab-be1e-4795-84ce-08f7c8b735fb,,,,,,,-5.00,"GBP",,,,,,
Deposit,2025-10-27 21:59:22,,,,"Transaction ID: e89db354-51da-4050-807a-ee53e9f2a1d7",8cf7b4c3-d818-4aec-b7d5-2df11be40cdd,,,,,,,100.00,"GBP",,,,,,
Deposit,2025-10-27 22:08:16,,,,"Transaction ID: 3f46a6ed-34c2-455b-9fb2-e1efd288e0e3",b11e17fb-60ca-4168-a34a-03457f8714f0,,,,,,,700.00,"GBP",,,,,,
Deposit,2025-10-27 22:09:22,,,,"Transaction ID: 6db43e14-0885-4661-94b1-c46cf4e56c18",f265d4fd-403d-4b17-9111-e919fdb51ef1,,,,,,,10.00,"GBP",,,,,,
Interest on cash,2025-10-28 02:14:46,,,,"Interest on cash",1cdd4c57-2aa0-427f-80f8-b6a4e12b4c27,,,,,,,0.01,"GBP",,,,,,
Withdrawal,2025-10-28 04:08:06,,,,"Sent to Bank Account 77-26-13 / 46093060",009ac415-5285-488f-a7ad-32699a5c9682,,,,,,,-10.00,"GBP",,,,,,
Card debit,2025-10-28 13:22:33,,,,,f103a12a-e036-42ef-97f7-b380812bcf0d,,,,,,,-2.98,"GBP",,,,,"MCDONALDS","RESTAURANTS"
Card debit,2025-10-28 14:51:32,,,,,7ad0547d-6328-4d07-8cd9-7d57d7c47181,,,,,,,-11.10,"GBP",,,,,"ICELAND","RETAIL_STORES"
Card debit,2025-10-28 16:29:05,,,,,3b752696-fc8d-4dad-8f0b-c04e049426aa,,,,,,,-2.35,"GBP",,,,,"TRAINLINE","TRANSPORT"
Market buy,2025-10-28 16:29:49,CA90348V3011,U9UA,"Ucore Rare Metals",,EOF41010313809,0.3994563400,4.4200000000,EUR,1.13909485,,"GBP",1.55,"GBP",,,,,,
Interest on cash,2025-10-29 02:15:02,,,,"Interest on cash",f09959bb-da84-43ac-976e-69bcb8e8e221,,,,,,,0.08,"GBP",,,,,,
Card debit,2025-10-29 16:48:37,,,,,6a57d28e-b66d-4246-a909-70d31be20cf7,,,,,,,-2.49,"GBP",,,,,"WH Smith Birmingham","MISCELLANEOUS"
Spending cashback,2025-10-30 02:01:19,,,,,b49e25e6-758d-4148-84b7-90f0748b0a11,,,,,,,0.24,"GBP",,,,,,
Interest on cash,2025-10-30 02:14:53,,,,"Interest on cash",78835701-3185-487e-8554-2b34e8f58dc4,,,,,,,0.09,"GBP",,,,,,
Spending cashback,2025-10-31 02:08:48,,,,,26f1479e-7a32-4176-b4c3-44d233bc52c2,,,,,,,0.04,"GBP",,,,,,
Interest on cash,2025-10-31 02:15:13,,,,"Interest on cash",0f2c3119-4fa1-471b-b4a6-b017c24b3de8,,,,,,,0.08,"GBP",,,,,,
Withdrawal,2025-10-31 10:45:01,,,,"Sent to Bank Account 77-26-13 / 46093060",b7cfad88-7b2d-4107-a2b6-25be9a9fe9f4,,,,,,,-775.26,"GBP",,,,,,
Dividend (Dividend),2025-10-31 12:02:24,US3765361080,GOOD,"Gladstone Commercial",,,0.3441102500,0.085000,USD,0.76075100,,,0.02,"GBP",0.01,USD,,,,
Dividend (Dividend),2025-10-31 12:45:53,US5021751020,LTC,"LTC Properties",,,0.1134109800,0.161500,USD,0.76167800,,,0.01,"GBP",0.00,USD,,,,
Interest on cash,2025-11-05 02:14:33,,,,"Interest on cash",0e820475-6b24-43d0-8250-51da34c66f5a,,,,,,,0.01,"GBP",,,,,,
Dividend (Dividend),2025-11-05 11:45:45,US5486611073,LOW,"Lowe's",,,0.0164331400,1.020000,USD,0.76764200,,,0.01,"GBP",0.00,USD,,,,
Dividend (Dividend),2025-11-07 14:55:01,IE00BLS09M33,PNR,"Pentair",,,0.0366010900,0.250000,USD,0.76330600,,,0.01,"GBP",0.00,USD,,,,
Dividend (Dividend manufactured payment),2025-11-12 09:57:16,US00123Q1040,AGNC,"AGNC Investment",,,0.4022127800,0.102000,USD,0.76074000,,,0.03,"GBP",0.01,USD,,,,
Deposit,2025-11-14 01:41:36,,,,"Transaction ID: 96c4bcd3-49f8-488f-b556-45967441e4f2",a28db4dd-4f67-4dc1-bc57-54ec005fa953,,,,,,,340.00,"GBP",,,,,,
Dividend (Dividend manufactured payment),2025-11-14 11:22:05,US56035L1044,MAIN,"Main Street Capital",,,0.0689640200,0.216750,USD,0.76213700,,,0.01,"GBP",0.00,USD,,,,
Dividend (Dividend),2025-11-14 11:40:06,US0084921008,ADC,"Agree Realty",,,0.0533256900,0.222700,USD,0.76034600,,,0.01,"GBP",0.00,USD,,,,
Dividend (Dividend),2025-11-14 12:10:58,US7561091049,O,"Realty Income",,,0.0670684600,0.229075,USD,0.76030600,,,0.01,"GBP",0.00,USD,,,,
Card debit,2025-11-14 14:17:28,,,,,dcfe06d3-b78b-4d05-94bc-c17e86fcf159,,,,,,,-3.85,"GBP",,,,,"200 Degrees Coffee Sho","RESTAURANTS"
Card debit,2025-11-14 19:55:29,,,,,57e732e7-179a-49d8-b119-703e5d506f61,,,,,,,-5.50,"GBP",,,,,"GC LTD","RESTAURANTS"
Market buy,2025-11-14 19:55:34,CA90348V3011,U9UA,"Ucore Rare Metals",,EOF41860321750,0.2857753800,4.6000000000,EUR,1.13324719,,"GBP",1.16,"GBP",,,,,,
Card debit,2025-11-14 20:30:39,,,,,fff30c3f-8b20-4590-b3de-931f6d254f3d,,,,,,,-4.50,"GBP",,,,,"GC LTD","RESTAURANTS"
Card debit,2025-11-15 00:11:11,,,,,bc260b92-c59e-435c-b9e6-b1f1671a4cf6,,,,,,,-6.62,"GBP",,,,,"MCDONALDS","RESTAURANTS"
Interest on cash,2025-11-15 02:15:28,,,,"Interest on cash",08660c3b-c346-48ec-8e12-3134053d1920,,,,,,,0.04,"GBP",,,,,,
Card debit,2025-11-15 13:08:08,,,,,edf89725-2b2b-4ce1-acca-1d8407b834f6,,,,,,,-4.10,"GBP",,,,,"200DEGS.COM","MEMBERSHIPS"
Interest on cash,2025-11-16 02:15:07,,,,"Interest on cash",c77c6ff7-e53e-43ef-8edc-73c41abbd9f7,,,,,,,0.03,"GBP",,,,,,
Spending cashback,2025-11-16 02:23:10,,,,,38ff5f5a-25ef-4cf2-af6d-e3f99527c000,,,,,,,0.05,"GBP",,,,,,
Spending cashback,2025-11-16 02:23:10,,,,,18986115-54be-43ff-8aae-6f38462351ec,,,,,,,0.06,"GBP",,,,,,
Spending cashback,2025-11-16 02:23:10,,,,,d3232d52-4a2d-4a8e-b5d9-b87c383280a5,,,,,,,0.08,"GBP",,,,,,
Spending cashback,2025-11-16 02:23:10,,,,,b29b7cc3-cfb5-4ec2-96cb-32421856d172,,,,,,,0.09,"GBP",,,,,,
Card debit,2025-11-16 14:52:14,,,,,46bdfca8-544a-4306-a048-cfc1b62dcd5f,,,,,,,-4.10,"GBP",,,,,"200DEGS.COM","MEMBERSHIPS"
Card debit,2025-11-17 01:31:21,,,,,35214ea4-622a-4dd4-a5d4-3b2ea54785f7,,,,,,,-2.88,"GBP",,,,,"McDonalds 8261658","RESTAURANTS"
Spending cashback,2025-11-17 02:07:48,,,,,bc55e007-64b2-4a40-91bb-1c157b50a79b,,,,,,,0.06,"GBP",,,,,,
Interest on cash,2025-11-17 02:14:58,,,,"Interest on cash",f80c27b3-6437-441f-a50a-e70961b7f500,,,,,,,0.04,"GBP",,,,,,
Market buy,2025-11-17 07:08:09,CA90348V3011,U9UA,"Ucore Rare Metals",,EOF41863023591,0.4453036900,4.5300000000,EUR,1.13327287,,"GBP",1.78,"GBP",,,,,,
Dividend (Dividend),2025-11-17 11:00:04,US85254J1025,STAG,"STAG Industrial",,,0.1046560900,0.105542,USD,0.75920300,,,0.01,"GBP",0.00,USD,,,,
Dividend (Dividend),2025-11-17 11:21:40,US7427181091,PG,"Procter & Gamble",,,0.0264876300,0.898280,USD,0.76027100,,,0.02,"GBP",0.00,USD,,,,
Card debit,2025-11-17 13:22:23,,,,,7c936287-39ae-4fbd-9109-97db9944a9c3,,,,,,,-3.99,"GBP",,,,,"COSTA COFFEE 43011595","RESTAURANTS"
Market buy,2025-11-17 13:31:52,CA90348V3011,U9UA,"Ucore Rare Metals",,EOF42004725012,0.2574153400,4.5500000000,EUR,1.13712601,,"GBP",1.03,"GBP",,,,,,
Market buy,2025-11-17 14:30:08,US5949181045,MSFT,"Microsoft",,EOF42006651460,0.0130845700,508.3200000000,USD,1.31705913,,"GBP",5.06,"GBP",,,0.01,"GBP",,
Market buy,2025-11-17 14:30:08,US2910111044,EMR,"Emerson Electric",,EOF42006651463,0.0519661900,127.9900000000,USD,1.31705993,,"GBP",5.06,"GBP",,,0.01,"GBP",,
Market buy,2025-11-17 14:30:08,US0084921008,ADC,"Agree Realty",,EOF42006651469,0.0894506900,74.6500000000,USD,1.31705996,,"GBP",5.08,"GBP",,,0.01,"GBP",,
Market buy,2025-11-17 14:30:08,US14149Y1082,CAH,"Cardinal Health",,EOF42006651466,0.0260339600,205.9000000000,USD,1.31704972,,"GBP",4.08,"GBP",,,0.01,"GBP",,
Market buy,2025-11-17 14:30:08,US3765361080,GOOD,"Gladstone Commercial",,EOF42006651472,0.6056124000,11.2000000000,USD,1.31705997,,"GBP",5.16,"GBP",,,0.01,"GBP",,
Market buy,2025-11-17 14:30:08,CA1363851017,CNQ,"Canadian Natural Resources",,EOF42006651475,0.1824889400,33.5600000000,USD,1.31705996,,"GBP",4.66,"GBP",,,0.01,"GBP",,
Market buy,2025-11-17 14:30:08,US0378331005,AAPL,"Apple",,EOF42006651457,0.0237497800,268.9600000000,USD,1.31705996,,"GBP",4.86,"GBP",,,0.01,"GBP",,
Market buy,2025-11-17 14:30:08,US7802871084,RGLD,"Royal Gold",,EOF42006651454,0.0246145900,186.0000000000,USD,1.31560739,,"GBP",3.49,"GBP",,,0.01,"GBP",,
Market buy,2025-11-17 14:30:15,AN8068571086,SLB,"SLB",,EOF42006677763,0.1659671900,36.9000000000,USD,1.31702995,,"GBP",4.66,"GBP",,,0.01,"GBP",,
Market buy,2025-11-17 14:30:15,US4781601046,JNJ,"Johnson & Johnson",,EOF42006677766,0.0332265900,197.0000000000,USD,1.31702982,,"GBP",4.98,"GBP",,,0.01,"GBP",,
Market buy,2025-11-17 14:30:15,US17275R1023,CSCO,"Cisco Systems",,EOF42006677727,0.0787161600,77.9700000000,USD,1.31705987,,"GBP",4.67,"GBP",,,0.01,"GBP",,
Market buy,2025-11-17 14:30:15,US7134481081,PEP,"PepsiCo",,EOF42006677733,0.0466767200,145.8800000000,USD,1.31705994,,"GBP",5.18,"GBP",,,0.01,"GBP",,
Market buy,2025-11-17 14:30:15,US57636Q1040,MA,"Mastercard",,EOF42006677730,0.0122387700,548.8300000000,USD,1.31705963,,"GBP",5.11,"GBP",,,0.01,"GBP",,
Market buy,2025-11-17 14:30:15,US09290D1019,BLK,"BlackRock",,EOF42006677736,0.0066584100,1058.2500000000,USD,1.31705838,,"GBP",5.36,"GBP",,,0.01,"GBP",,
Market buy,2025-11-17 14:30:15,US1101221083,BMY,"Bristol-Myers Squibb",,EOF42006677739,0.1353802000,46.6000000000,USD,1.31705998,,"GBP",4.80,"GBP",,,0.01,"GBP",,
Market buy,2025-11-17 14:30:15,US46625H1005,JPM,"JPMorgan Chase & Co",,EOF42006677745,0.0214888700,304.0000000000,USD,1.31705977,,"GBP",4.97,"GBP",,,0.01,"GBP",,
Market buy,2025-11-17 14:30:15,US8552441094,SBUX,"Starbucks",,EOF42006677742,0.0777828000,85.1700000000,USD,1.31704991,,"GBP",5.04,"GBP",,,0.01,"GBP",,
Market buy,2025-11-17 14:30:15,US56035L1044,MAIN,"Main Street Capital",,EOF42006677748,0.1118591800,58.8700000000,USD,1.31702998,,"GBP",5.01,"GBP",,,0.01,"GBP",,
Market buy,2025-11-17 14:30:15,US1912161007,KO,"Coca-Cola",,EOF42006677751,0.0902937100,71.1800000000,USD,1.31702997,,"GBP",4.89,"GBP",,,0.01,"GBP",,
Market buy,2025-11-17 14:30:15,US5801351017,MCD,"McDonald's",,EOF42006677757,0.0215007800,307.5000000000,USD,1.31702985,,"GBP",5.03,"GBP",,,0.01,"GBP",,
Market buy,2025-11-17 14:30:15,US5021751020,LTC,"LTC Properties",,EOF42006677754,0.1803402000,36.1500000000,USD,1.31702994,,"GBP",4.96,"GBP",,,0.01,"GBP",,
Market buy,2025-11-17 14:30:15,US7561091049,O,"Realty Income",,EOF42006677760,0.1197089500,56.8800000000,USD,1.31702999,,"GBP",5.18,"GBP",,,0.01,"GBP",,
Market buy,2025-11-17 14:30:19,US4523081093,ITW,"Illinois Tool Works",,EOF42006691075,0.0273088300,245.0000000000,USD,1.31705971,,"GBP",5.09,"GBP",,,0.01,"GBP",,
Market buy,2025-11-17 14:30:19,US8718291078,SYY,"Sysco",,EOF42006691081,0.0907715300,75.4500000000,USD,1.31705998,,"GBP",5.21,"GBP",,,0.01,"GBP",,
Market buy,2025-11-17 14:30:19,US6935061076,PPG,"PPG Industries",,EOF42006691078,0.0699335900,96.9900000000,USD,1.31705997,,"GBP",5.16,"GBP",,,0.01,"GBP",,
Market buy,2025-11-17 14:30:19,IE00BLS09M33,PNR,"Pentair",,EOF42006691084,0.0648476100,104.8000000000,USD,1.31705998,,"GBP",5.17,"GBP",,,0.01,"GBP",,
Market buy,2025-11-17 14:30:19,US0010551028,AFL,"Aflac",,EOF42006691036,0.0557872800,114.5000000000,USD,1.31703990,,"GBP",4.86,"GBP",,,0.01,"GBP",,
Market buy,2025-11-17 14:30:19,US9311421039,WMT,"Walmart",,EOF42006691039,0.0662370900,102.6000000000,USD,1.31703981,,"GBP",5.17,"GBP",,,0.01,"GBP",,
Market buy,2025-11-17 14:30:19,CA0641491075,BNS,"Bank of Nova Scotia",,EOF42006691045,0.0944646300,67.4800000000,USD,1.31703992,,"GBP",4.85,"GBP",,,0.01,"GBP",,
Market buy,2025-11-17 14:30:19,US7766961061,ROP,"Roper Technologies",,EOF42006691042,0.0157166700,450.0000000000,USD,1.31703938,,"GBP",5.38,"GBP",,,0.01,"GBP",,
Market buy,2025-11-17 14:30:19,US3695501086,GD,"General Dynamics",,EOF42006691048,0.0185932300,346.3800000000,USD,1.31703946,,"GBP",4.90,"GBP",,,0.01,"GBP",,
Market buy,2025-11-17 14:30:19,US0530151036,ADP,"Automatic Data Processing",,EOF42006691051,0.0276396500,253.5000000000,USD,1.31703971,,"GBP",5.33,"GBP",,,0.01,"GBP",,
Market buy,2025-11-17 14:30:19,US7802871084,RGLD,"Royal Gold",,EOF42006691057,0.0122497900,186.0000000000,USD,1.31702944,,"GBP",1.73,"GBP",,,,,,
Market buy,2025-11-17 14:30:19,US4592001014,IBM,"IBM",,EOF42006691054,0.0204805900,306.1000000000,USD,1.31703962,,"GBP",4.77,"GBP",,,0.01,"GBP",,
Market buy,2025-11-17 14:30:19,US4943681035,KMB,"Kimberly-Clark",,EOF42006691060,0.0690710900,103.9200000000,USD,1.31703993,,"GBP",5.46,"GBP",,,0.01,"GBP",,
Market buy,2025-11-17 14:30:19,US00123Q1040,AGNC,"AGNC Investment",,EOF42006691063,0.6417060900,10.1800000000,USD,1.31704999,,"GBP",4.97,"GBP",,,0.01,"GBP",,
Market buy,2025-11-17 14:30:19,US5486611073,LOW,"Lowe's",,EOF42006691069,0.0301329800,227.7200000000,USD,1.31705992,,"GBP",5.22,"GBP",,,0.01,"GBP",,
Market buy,2025-11-17 14:30:19,US74144T1088,TROW,"T Rowe Price",,EOF42006691066,0.0658206000,101.6500000000,USD,1.31705984,,"GBP",5.09,"GBP",,,0.01,"GBP",,
Market buy,2025-11-17 14:30:19,CA0636711016,BMO,"Bank of Montreal",,EOF42006691072,0.0538748800,123.7000000000,USD,1.31705981,,"GBP",5.07,"GBP",,,0.01,"GBP",,
Market buy,2025-11-17 14:30:20,US26441C2044,DUK,"Duke Energy",,EOF42006693620,0.0550313600,123.4900000000,USD,1.31701989,,"GBP",5.17,"GBP",,,0.01,"GBP",,
Market buy,2025-11-17 14:30:20,CA7800871021,RY,"Royal Bank of Canada",,EOF42006693623,0.0445705600,147.4500000000,USD,1.31701985,,"GBP",5.00,"GBP",,,0.01,"GBP",,
Market buy,2025-11-17 14:30:20,US85254J1025,STAG,"STAG Industrial",,EOF42006693629,0.1702391700,38.7600000000,USD,1.31705992,,"GBP",5.02,"GBP",,,0.01,"GBP",,
Market buy,2025-11-17 14:30:20,CA8911605092,TD,"Toronto-Dominion Bank",,EOF42006693626,0.0798144800,81.3500000000,USD,1.31701986,,"GBP",4.94,"GBP",,,0.01,"GBP",,
Market buy,2025-11-17 14:30:20,CH0044328745,CB,"Chubb",,EOF42006693632,0.0208083400,297.4900000000,USD,1.31707937,,"GBP",4.71,"GBP",,,0.01,"GBP",,
Market buy,2025-11-17 14:30:35,US8243481061,SHW,"Sherwin-Williams",,EOF42006697160,0.0198564300,333.0000000000,USD,1.31716955,,"GBP",5.03,"GBP",,,0.01,"GBP",,
Market buy,2025-11-17 14:30:44,US1667641005,CVX,"Chevron",,EOF42006698913,0.0411213300,157.6000000000,USD,1.31721983,,"GBP",4.93,"GBP",,,0.01,"GBP",,
Market buy,2025-11-17 14:30:44,US2788651006,ECL,"Ecolab",,EOF42006699006,0.0264457200,260.0000000000,USD,1.31721977,,"GBP",5.23,"GBP",,,0.01,"GBP",,
Market buy,2025-11-17 14:30:48,US6703461052,NUE,"Nucor",,EOF42006699717,0.0419810800,147.7800000000,USD,1.31718980,,"GBP",4.72,"GBP",,,0.01,"GBP",,
Market buy,2025-11-17 14:32:07,US1729674242,C,"Citigroup",,EOF42008855920,0.0648991600,99.8500000000,USD,1.31710998,,"GBP",4.93,"GBP",,,0.01,"GBP",,
Market buy,2025-11-17 14:32:23,US7427181091,PG,"Procter & Gamble",,EOF42008856920,0.0453295600,147.9000000000,USD,1.31713986,,"GBP",5.10,"GBP",,,0.01,"GBP",,
Market buy,2025-11-17 14:33:30,US3848021040,GWW,"WW Grainger",,EOF42008859422,0.0002468100,939.2500000000,USD,1.28786829,,"GBP",0.18,"GBP",,,,,,
Market buy,2025-11-17 14:35:06,US3848021040,GWW,"WW Grainger",,EOF42008861818,0.0069422200,939.2500000000,USD,1.31726871,,"GBP",4.96,"GBP",,,0.01,"GBP",,
Card debit,2025-11-17 20:21:33,,,,,8ef1b9c3-be97-40a5-927d-b842edcce591,,,,,,,-3.78,"GBP",,,,,"KFC SELLY OAK","RESTAURANTS"
Spending cashback,2025-11-18 02:16:23,,,,,77a81404-3bc9-4a8b-81c7-81a15708b5ac,,,,,,,0.06,"GBP",,,,,,
Interest on cash,2025-11-19 02:14:54,,,,"Interest on cash",e1a3b3d1-7ae7-4b43-9a4e-47978c1fc2b9,,,,,,,0.01,"GBP",,,,,,
Spending cashback,2025-11-19 02:20:47,,,,,39bf9931-749f-429c-901d-2ab53d3be832,,,,,,,0.05,"GBP",,,,,,
Spending cashback,2025-11-19 02:20:47,,,,,8dcf5311-1a8d-4739-a351-090a3b28ecab,,,,,,,0.05,"GBP",,,,,,
Spending cashback,2025-11-19 02:20:47,,,,,e8f60b3e-9f25-426c-a924-4a3e96f28e26,,,,,,,0.04,"GBP",,,,,,
Interest on cash,2025-11-20 02:15:02,,,,"Interest on cash",7e5e9e69-7119-40a5-b8e8-01c2d3d9d7ca,,,,,,,0.01,"GBP",,,,,,
Card debit,2025-11-21 20:34:29,,,,,1d552ad1-5b89-4107-a679-e81010996273,,,,,,,-5.24,"GBP",,,,,"Copper Fox","RESTAURANTS"
Interest on cash,2025-11-22 02:14:28,,,,"Interest on cash",141d11fd-1444-44e2-afbc-6d382fc61f6d,,,,,,,0.01,"GBP",,,,,,
Card debit,2025-11-22 14:07:12,,,,,52a92637-9ec8-4742-8241-119c81c95089,,,,,,,-9.00,"GBP",,,,,"Seatfrog Ops Limited","TRANSPORT"
Card debit,2025-11-22 14:12:58,,,,,8d54666c-dd48-4a68-a774-39ed1a409da6,,,,,,,-7.89,"GBP",,,,,"TRAINLINE","TRANSPORT"
Card debit,2025-11-22 16:55:52,,,,,817a90de-0a4b-47ab-bb16-e2ce996680d8,,,,,,,-2.94,"GBP",,,,,"TRAINLINE","TRANSPORT"
Spending cashback,2025-11-23 02:06:29,,,,,190e8421-4721-4b79-af30-a4dba8f93054,,,,,,,0.07,"GBP",,,,,,
Card debit,2025-11-23 15:07:35,,,,,c9402bbe-e10b-4185-8307-66a8af1616a9,,,,,,,-2.30,"GBP",,,,,"TRAINLINE","TRANSPORT"
Card debit,2025-11-23 15:12:23,,,,,ead21b7b-fa68-4f23-8e41-c199c93ad4f9,,,,,,,-4.10,"GBP",,,,,"200DEGS.COM","MEMBERSHIPS"
Spending cashback,2025-11-24 02:06:25,,,,,b779f502-1ba0-450a-bb32-41555346aba3,,,,,,,0.13,"GBP",,,,,,
Interest on cash,2025-11-24 02:14:50,,,,"Interest on cash",8f293d47-25c6-47fb-beef-1814d248fc4f,,,,,,,0.01,"GBP",,,,,,
Market buy,2025-11-24 07:37:24,CA90348V3011,U9UA,"Ucore Rare Metals",,EOF42211061901,0.3613196600,3.4300000000,EUR,1.13699672,,"GBP",1.09,"GBP",,,,,,
Dividend (Dividend),2025-11-24 12:01:45,CA7800871021,RY,"Royal Bank of Canada",,,0.0275931700,0.928237,USD,0.76342300,,,0.02,"GBP",0.00,USD,,,,
Card debit,2025-11-24 14:09:32,,,,,38c0e5a2-2f1d-473f-ad61-37dbea295859,,,,,,,-2.35,"GBP",,,,,"TRAINLINE","TRANSPORT"
Market buy,2025-11-24 14:10:01,CA90348V3011,U9UA,"Ucore Rare Metals",,EOF42352929180,0.7691304700,3.4100000000,EUR,1.13538307,,"GBP",2.31,"GBP",,,,,,
Card debit,2025-11-24 14:56:42,,,,,2e919b65-52d1-41c2-93db-820b494021dc,,,,,,,-4.90,"GBP",,,,,"200DEGS.COM","MEMBERSHIPS"
Card debit,2025-11-24 16:46:52,,,,,1e9fdd1c-98b0-4d8a-ac8e-1101f5c0f910,,,,,,,-2.15,"GBP",,,,,"TESCO STORES 2503","RETAIL_STORES"
Card debit,2025-11-24 17:43:23,,,,,a9db74b4-319d-4bd7-b6cd-0d8af8c680c4,,,,,,,-3.89,"GBP",,,,,"TESCO STORES 2503","RETAIL_STORES"
Market buy,2025-11-24 17:43:34,CA90348V3011,U9UA,"Ucore Rare Metals",,EOF42358775645,0.3172343800,3.8000000000,EUR,1.13725532,,"GBP",1.06,"GBP",,,,,,
Spending cashback,2025-11-25 02:18:22,,,,,66dca1ee-d2a0-4949-95b2-37be3880d4a5,,,,,,,0.06,"GBP",,,,,,
Spending cashback,2025-11-25 02:18:22,,,,,0d1dc2f5-f7a1-46ea-8cd8-924a9e1b39c9,,,,,,,0.03,"GBP",,,,,,
Spending cashback,2025-11-25 02:18:22,,,,,631ea060-c0cf-4622-b900-778d49a62113,,,,,,,0.04,"GBP",,,,,,
Spending cashback,2025-11-25 02:18:22,,,,,ba8777d5-49f8-4029-a346-aa9a94f13112,,,,,,,0.11,"GBP",,,,,,
Spending cashback,2025-11-26 02:05:30,,,,,e50b7ae9-87e1-41f6-b203-02826d533010,,,,,,,0.07,"GBP",,,,,,
Spending cashback,2025-11-26 02:05:30,,,,,f621c978-131a-411e-b18a-ff37e2135637,,,,,,,0.03,"GBP",,,,,,
Spending cashback,2025-11-26 02:05:30,,,,,99d0a493-02aa-4451-8873-ed9d3be73d46,,,,,,,0.05,"GBP",,,,,,
Spending cashback,2025-11-26 02:05:30,,,,,ed189fe3-b0aa-4eab-a132-5b77b6e0689c,,,,,,,0.03,"GBP",,,,,,
Dividend (Dividend),2025-11-26 13:17:27,US1729674242,C,"Citigroup",,,0.0412876900,0.510000,USD,0.75867900,,,0.02,"GBP",0.00,USD,,,,
Dividend (Dividend),2025-11-26 13:30:22,CA0636711016,BMO,"Bank of Montreal",,,0.0321059800,0.984334,USD,0.75886900,,,0.02,"GBP",0.01,USD,,,,
Dividend (Dividend),2025-11-26 13:58:45,US3765361080,GOOD,"Gladstone Commercial",,,0.3441102500,0.085000,USD,0.75904800,,,0.02,"GBP",0.01,USD,,,,
Deposit,2025-11-28 04:48:31,,,,"Transaction ID: 42dca9c8-5677-4202-bc61-40bab05b7d85",4cfec9be-b494-4ced-83a4-4b4acb71ffe6,,,,,,,80.00,"GBP",,,,,,
Dividend (Dividend),2025-11-28 12:59:25,US5021751020,LTC,"LTC Properties",,,0.2937511800,0.161500,USD,0.75651500,,,0.04,"GBP",0.01,USD,,,,
Dividend (Dividend manufactured payment),2025-11-28 13:19:23,US8552441094,SBUX,"Starbucks",,,0.0469190000,0.527000,USD,0.75655600,,,0.02,"GBP",0.00,USD,,,,
Market buy,2025-11-28 14:30:13,US7802871084,RGLD,"Royal Gold",,EOF42556304391,0.0069032100,203.0000000000,USD,1.32202983,,"GBP",1.06,"GBP",,,,,,
Market buy,2025-11-28 14:30:13,US14149Y1082,CAH,"Cardinal Health",,EOF42556304388,0.0089774300,215.0000000000,USD,1.32201880,,"GBP",1.46,"GBP",,,,,,
Market buy,2025-11-28 14:30:13,CA0641491075,BNS,"Bank of Nova Scotia",,EOF42556304400,0.0299723700,69.2500000000,USD,1.32202969,,"GBP",1.57,"GBP",,,,,,
Market buy,2025-11-28 14:30:13,US8552441094,SBUX,"Starbucks",,EOF42556304394,0.0245747400,87.1500000000,USD,1.32202999,,"GBP",1.62,"GBP",,,,,,
Market buy,2025-11-28 14:30:13,US7134481081,PEP,"PepsiCo",,EOF42556304397,0.0150679100,147.4000000000,USD,1.32202972,,"GBP",1.68,"GBP",,,,,,
Market buy,2025-11-28 14:30:13,US17275R1023,CSCO,"Cisco Systems",,EOF42556304406,0.0338006600,76.6600000000,USD,1.32201969,,"GBP",1.96,"GBP",,,,,,
Market buy,2025-11-28 14:30:13,US09290D1019,BLK,"BlackRock",,EOF42556304409,0.0023418800,1050.0000000000,USD,1.32202903,,"GBP",1.86,"GBP",,,,,,
Market buy,2025-11-28 14:30:13,US1101221083,BMY,"Bristol-Myers Squibb",,EOF42556304403,0.0335540600,49.2500000000,USD,1.32202996,,"GBP",1.25,"GBP",,,,,,
Market buy,2025-11-28 14:30:13,US85254J1025,STAG,"STAG Industrial",,EOF42556304385,0.0412290900,39.4100000000,USD,1.32100685,,"GBP",1.23,"GBP",,,,,,
Market buy,2025-11-28 14:30:23,US5801351017,MCD,"McDonald's",,EOF42556336207,0.0068131700,312.4000000000,USD,1.32200888,,"GBP",1.61,"GBP",,,,,,
Market buy,2025-11-28 14:30:23,US6703461052,NUE,"Nucor",,EOF42556336204,0.0093659600,159.5000000000,USD,1.32200939,,"GBP",1.13,"GBP",,,,,,
Market buy,2025-11-28 14:30:23,CH0044328745,CB,"Chubb",,EOF42556336216,0.0077712400,297.7000000000,USD,1.32199894,,"GBP",1.75,"GBP",,,,,,
Market buy,2025-11-28 14:30:23,US46625H1005,JPM,"JPMorgan Chase & Co",,EOF42556336213,0.0068298800,309.7000000000,USD,1.32200864,,"GBP",1.60,"GBP",,,,,,
Market buy,2025-11-28 14:30:23,US6935061076,PPG,"PPG Industries",,EOF42556336210,0.0198719800,101.1200000000,USD,1.32200961,,"GBP",1.52,"GBP",,,,,,
Market buy,2025-11-28 14:30:23,US4781601046,JNJ,"Johnson & Johnson",,EOF42556336225,0.0083027900,207.0000000000,USD,1.32205963,,"GBP",1.30,"GBP",,,,,,
Market buy,2025-11-28 14:30:23,US3848021040,GWW,"WW Grainger",,EOF42556336222,0.0013974400,950.0000000000,USD,1.32756800,,"GBP",1.00,"GBP",,,,,,
Market buy,2025-11-28 14:30:23,US9311421039,WMT,"Walmart",,EOF42556336219,0.0147817700,109.1100000000,USD,1.32199911,,"GBP",1.22,"GBP",,,,,,
Market buy,2025-11-28 14:30:23,US0010551028,AFL,"Aflac",,EOF42556336231,0.0144071200,110.9500000000,USD,1.32104955,,"GBP",1.21,"GBP",,,,,,
Market buy,2025-11-28 14:30:23,US0378331005,AAPL,"Apple",,EOF42556336228,0.0070433700,277.8000000000,USD,1.32205958,,"GBP",1.48,"GBP",,,,,,
Market buy,2025-11-28 14:30:23,US4592001014,IBM,"IBM",,EOF42556336240,0.0077718300,304.5000000000,USD,1.32207946,,"GBP",1.79,"GBP",,,,,,
Market buy,2025-11-28 14:30:23,US8243481061,SHW,"Sherwin-Williams",,EOF42556336237,0.0055965900,344.9000000000,USD,1.32209855,,"GBP",1.46,"GBP",,,,,,
Market buy,2025-11-28 14:30:23,US57636Q1040,MA,"Mastercard",,EOF42556336234,0.0041979000,548.0000000000,USD,1.32209724,,"GBP",1.74,"GBP",,,,,,
Market buy,2025-11-28 14:30:23,US0530151036,ADP,"Automatic Data Processing",,EOF42556336249,0.0090406200,254.4400000000,USD,1.32200882,,"GBP",1.74,"GBP",,,,,,
Market buy,2025-11-28 14:30:23,CA0636711016,BMO,"Bank of Montreal",,EOF42556336246,0.0171036700,125.9900000000,USD,1.32201925,,"GBP",1.63,"GBP",,,,,,
Market buy,2025-11-28 14:30:23,US1912161007,KO,"Coca-Cola",,EOF42556336243,0.0277422900,72.9100000000,USD,1.32201984,,"GBP",1.53,"GBP",,,,,,
Market buy,2025-11-28 14:30:26,US7766961061,ROP,"Roper Technologies",,EOF42556345347,0.0054006500,447.9700000000,USD,1.32203780,,"GBP",1.83,"GBP",,,,,,
Market buy,2025-11-28 14:30:26,US5021751020,LTC,"LTC Properties",,EOF42556347297,0.0584628700,36.8600000000,USD,1.32204993,,"GBP",1.63,"GBP",,,,,,
Market buy,2025-11-28 14:30:26,US7561091049,O,"Realty Income",,EOF42556347294,0.0392185600,56.9700000000,USD,1.32205997,,"GBP",1.69,"GBP",,,,,,
Market buy,2025-11-28 14:30:26,US2788651006,ECL,"Ecolab",,EOF42556347291,0.0061535800,275.0000000000,USD,1.32205820,,"GBP",1.28,"GBP",,,,,,
Market buy,2025-11-28 14:30:26,US3848021040,GWW,"WW Grainger",,EOF42556347305,0.0009323900,950.0000000000,USD,1.32204552,,"GBP",0.67,"GBP",,,,,,
Market buy,2025-11-28 14:30:26,US1667641005,CVX,"Chevron",,EOF42556347300,0.0190680200,149.7600000000,USD,1.32204938,,"GBP",2.16,"GBP",,,,,,
Market buy,2025-11-28 14:30:26,US3765361080,GOOD,"Gladstone Commercial",,EOF42556347309,0.2255087200,11.0800000000,USD,1.32202995,,"GBP",1.89,"GBP",,,,,,
Market buy,2025-11-28 14:30:26,AN8068571086,SLB,"SLB",,EOF42556345320,0.0741868600,35.6400000000,USD,1.32200984,,"GBP",2.00,"GBP",,,,,,
Market buy,2025-11-28 14:30:26,CA8911605092,TD,"Toronto-Dominion Bank",,EOF42556345317,0.0243206300,83.7100000000,USD,1.32199995,,"GBP",1.54,"GBP",,,,,,
Market buy,2025-11-28 14:30:26,US0010551028,AFL,"Aflac",,EOF42556345314,0.0096600800,110.8500000000,USD,1.32199983,,"GBP",0.81,"GBP",,,,,,
Market buy,2025-11-28 14:30:26,US5486611073,LOW,"Lowe's",,EOF42556345329,0.0070432400,242.1300000000,USD,1.32199976,,"GBP",1.29,"GBP",,,,,,
Market buy,2025-11-28 14:30:26,US5949181045,MSFT,"Microsoft",,EOF42556345326,0.0056370600,487.8000000000,USD,1.32199897,,"GBP",2.08,"GBP",,,,,,
Market buy,2025-11-28 14:30:26,US2910111044,EMR,"Emerson Electric",,EOF42556345323,0.0132250700,132.9500000000,USD,1.32200981,,"GBP",1.33,"GBP",,,,,,
Market buy,2025-11-28 14:30:26,CA1363851017,CNQ,"Canadian Natural Resources",,EOF42556345335,0.0701636400,33.3500000000,USD,1.32200982,,"GBP",1.77,"GBP",,,,,,
Market buy,2025-11-28 14:30:26,US26441C2044,DUK,"Duke Energy",,EOF42556345332,0.0186440000,123.3800000000,USD,1.32200960,,"GBP",1.74,"GBP",,,,,,
Market buy,2025-11-28 14:30:26,CA7800871021,RY,"Royal Bank of Canada",,EOF42556345344,0.0127986400,153.9100000000,USD,1.32203938,,"GBP",1.49,"GBP",,,,,,
Market buy,2025-11-28 14:30:26,US8718291078,SYY,"Sysco",,EOF42556345341,0.0288527000,76.0600000000,USD,1.32200985,,"GBP",1.66,"GBP",,,,,,
Market buy,2025-11-28 14:30:26,US00123Q1040,AGNC,"AGNC Investment",,EOF42556345338,0.1874210100,10.5100000000,USD,1.32200994,,"GBP",1.49,"GBP",,,,,,
Market buy,2025-11-28 14:30:27,US3695501086,GD,"General Dynamics",,EOF42556348737,0.0070866000,341.3900000000,USD,1.32201878,,"GBP",1.83,"GBP",,,,,,
Market buy,2025-11-28 14:30:30,US74144T1088,TROW,"T Rowe Price",,EOF42558400582,0.0216752200,102.4700000000,USD,1.32205940,,"GBP",1.68,"GBP",,,,,,
Market buy,2025-11-28 14:30:44,US7427181091,PG,"Procter & Gamble",,EOF42558403461,0.0151613500,148.2400000000,USD,1.32206972,,"GBP",1.70,"GBP",,,,,,
Market buy,2025-11-28 14:30:50,IE00BLS09M33,PNR,"Pentair",,EOF42558404415,0.0202641700,106.9900000000,USD,1.32198996,,"GBP",1.64,"GBP",,,,,,
Market buy,2025-11-28 14:30:54,US1729674242,C,"Citigroup",,EOF42558405211,0.0195486800,102.7900000000,USD,1.32197948,,"GBP",1.52,"GBP",,,,,,
Market buy,2025-11-28 14:31:06,US4523081093,ITW,"Illinois Tool Works",,EOF42558407170,0.0082035700,249.7700000000,USD,1.32193914,,"GBP",1.55,"GBP",,,,,,
Market buy,2025-11-28 14:31:14,US4943681035,KMB,"Kimberly-Clark",,EOF42558408296,0.0167384300,108.2000000000,USD,1.32196943,,"GBP",1.37,"GBP",,,,,,
Market buy,2025-11-28 14:31:42,US0084921008,ADC,"Agree Realty",,EOF42558411258,0.0279702400,75.1500000000,USD,1.32198964,,"GBP",1.59,"GBP",,,,,,
Market buy,2025-11-28 14:32:06,US85254J1025,STAG,"STAG Industrial",,EOF42558411937,0.0090557900,39.4100000000,USD,1.32180994,,"GBP",0.27,"GBP",,,,,,
Market buy,2025-11-28 14:32:15,US56035L1044,MAIN,"Main Street Capital",,EOF42558412499,0.0406685000,58.1800000000,USD,1.32183984,,"GBP",1.79,"GBP",,,,,,
Dividend (Dividend),2025-12-01 14:27:51,US0010551028,AFL,"Aflac",,,0.0928503400,0.493000,USD,0.75628700,,,0.03,"GBP",0.01,USD,,,,
Dividend (Dividend),2025-12-01 14:40:06,US3848021040,GWW,"WW Grainger",,,0.0041729600,1.921000,USD,0.75637200,,,0.01,"GBP",0.00,USD,,,,
Card debit,2025-12-02 11:58:34,,,,,c0564772-3d31-41c5-9d3c-d88e287d8b6c,,,,,,,-1.00,"GBP",,,,,"UNIVERSITY SUPERSTORE","RETAIL_STORES"
Dividend (Dividend),2025-12-05 14:19:42,US8243481061,SHW,"Sherwin-Williams",,,0.0120434300,0.671500,USD,0.74863200,,,0.01,"GBP",0.00,USD,,,,
Market sell,2025-12-08 14:30:01,US17275R1023,CSCO,"Cisco Systems",,EOF43052748943,0.0328062900,77.6400000000,USD,1.33354992,0.05,"GBP",1.91,"GBP",,,,,,
Market sell,2025-12-08 14:30:05,US7802871084,RGLD,"Royal Gold",,EOF43055105901,0.0116931900,203.0000000000,USD,1.33354919,0.09,"GBP",1.78,"GBP",,,,,,
Market sell,2025-12-08 14:30:05,US0530151036,ADP,"Automatic Data Processing",,EOF43055105898,0.0101467400,258.9100000000,USD,1.33354946,-0.03,"GBP",1.97,"GBP",,,,,,
Market sell,2025-12-08 14:30:18,US7766961061,ROP,"Roper Technologies",,EOF43055141125,0.0052442900,445.0000000000,USD,1.33354802,-0.09,"GBP",1.75,"GBP",,,,,,
Market sell,2025-12-08 14:30:18,CA0641491075,BNS,"Bank of Nova Scotia",,EOF43055141122,0.0387616500,71.5600000000,USD,1.33354984,0.13,"GBP",2.08,"GBP",,,,,,
Market sell,2025-12-08 14:30:18,CA1363851017,CNQ,"Canadian Natural Resources",,EOF43055141128,0.0820942600,34.6000000000,USD,1.33354995,0.13,"GBP",2.13,"GBP",,,,,,
Market sell,2025-12-08 14:30:18,US09290D1019,BLK,"BlackRock",,EOF43055141131,0.0023985600,1073.0000000000,USD,1.33349993,-0.05,"GBP",1.93,"GBP",,,,,,
Market sell,2025-12-08 14:30:18,US00123Q1040,AGNC,"AGNC Investment",,EOF43055141137,0.2207814800,10.6300000000,USD,1.33346996,0.07,"GBP",1.76,"GBP",,,,,,
Market sell,2025-12-08 14:30:18,US46625H1005,JPM,"JPMorgan Chase & Co",,EOF43055141134,0.0077458400,315.0400000000,USD,1.33346963,0.06,"GBP",1.83,"GBP",,,,,,
Market sell,2025-12-08 14:30:18,US1101221083,BMY,"Bristol-Myers Squibb",,EOF43055141140,0.0552305500,52.1500000000,USD,1.33345980,0.25,"GBP",2.16,"GBP",,,,,,
Market sell,2025-12-08 14:30:18,US6935061076,PPG,"PPG Industries",,EOF43055141143,0.0245483500,100.4900000000,USD,1.33343983,0.01,"GBP",1.85,"GBP",,,,,,
Market sell,2025-12-08 14:30:18,US3848021040,GWW,"WW Grainger",,EOF43055141149,0.0027372100,964.5600000000,USD,1.33343599,0.02,"GBP",1.98,"GBP",,,,,,
Market sell,2025-12-08 14:30:18,US56035L1044,MAIN,"Main Street Capital",,EOF43055141146,0.0452612700,60.6900000000,USD,1.33344974,0.06,"GBP",2.06,"GBP",,,,,,
Market sell,2025-12-08 14:30:18,AN8068571086,SLB,"SLB",,EOF43055141152,0.0835794100,38.2900000000,USD,1.33343983,0.17,"GBP",2.40,"GBP",,,,,,
Market sell,2025-12-08 14:30:18,US9311421039,WMT,"Walmart",,EOF43055141155,0.0256208700,114.5000000000,USD,1.33344982,0.17,"GBP",2.20,"GBP",,,,,,
Market sell,2025-12-08 14:30:18,US5486611073,LOW,"Lowe's",,EOF43055141161,0.0104913500,246.5700000000,USD,1.33342895,0.08,"GBP",1.94,"GBP",,,,,,
Market sell,2025-12-08 14:30:18,US2910111044,EMR,"Emerson Electric",,EOF43055141158,0.0184372100,136.6900000000,USD,1.33342975,0.09,"GBP",1.89,"GBP",,,,,,
Market sell,2025-12-08 14:30:18,US7561091049,O,"Realty Income",,EOF43055141164,0.0426971500,58.4000000000,USD,1.33342971,0.01,"GBP",1.87,"GBP",,,,,,
Market sell,2025-12-08 14:30:22,CA0636711016,BMO,"Bank of Montreal",,EOF43057403056,0.0204583800,128.4000000000,USD,1.33342943,0.05,"GBP",1.97,"GBP",,,,,,
Market sell,2025-12-08 14:30:22,US74144T1088,TROW,"T Rowe Price",,EOF43057403059,0.0256478800,106.5800000000,USD,1.33343953,0.07,"GBP",2.05,"GBP",,,,,,
Market sell,2025-12-08 14:30:22,CA7800871021,RY,"Royal Bank of Canada",,EOF43057403062,0.0202186700,162.9000000000,USD,1.33344993,0.21,"GBP",2.47,"GBP",,,,,,
Market sell,2025-12-08 14:30:22,US4592001014,IBM,"IBM",,EOF43057403065,0.0075950500,309.0000000000,USD,1.33344911,0.05,"GBP",1.76,"GBP",,,,,,
Market sell,2025-12-08 14:30:22,CA8911605092,TD,"Toronto-Dominion Bank",,EOF43057403068,0.0342875900,88.2800000000,USD,1.33343984,0.17,"GBP",2.27,"GBP",,,,,,
Market sell,2025-12-08 14:30:38,US1667641005,CVX,"Chevron",,EOF43057410454,0.0153811300,149.1000000000,USD,1.33332935,-0.07,"GBP",1.72,"GBP",,,,,,
Market sell,2025-12-08 14:31:19,US1729674242,C,"Citigroup",,EOF43057415315,0.0272054000,108.8000000000,USD,1.33330969,0.18,"GBP",2.22,"GBP",,,,,,
Withdrawal,2025-12-09 02:07:05,,,,"Sent to Bank Account 77-26-13 / 46093060",5eaa6951-7108-46ab-ba5e-90f37a4983d2,,,,,,,-50.43,"GBP",,,,,,
Interest on cash,2025-12-09 02:14:39,,,,"Interest on cash",b7436ad7-94fd-467b-85c3-190ce05bdaff,,,,,,,0.01,"GBP",,,,,,
Dividend (Dividend),2025-12-09 15:32:55,US4781601046,JNJ,"Johnson & Johnson",,,0.0540269600,1.105000,USD,0.75049200,,,0.04,"GBP",0.01,USD,,,,
Dividend (Dividend manufactured payment),2025-12-09 15:49:44,US00123Q1040,AGNC,"AGNC Investment",,,1.0439188700,0.102000,USD,0.75016500,,,0.08,"GBP",0.02,USD,,,,
Dividend (Dividend),2025-12-10 13:39:45,US1667641005,CVX,"Chevron",,,0.0673138400,1.453500,USD,0.75073900,,,0.07,"GBP",0.02,USD,,,,
Dividend (Dividend),2025-12-10 14:09:24,US2910111044,EMR,"Emerson Electric",,,0.0309178300,0.471750,USD,0.75075600,,,0.01,"GBP",0.00,USD,,,,
Dividend (Dividend),2025-12-10 14:35:52,US4592001014,IBM,"IBM",,,0.0142793100,1.428000,USD,0.75055400,,,0.02,"GBP",0.00,USD,,,,
Dividend (Dividend),2025-12-11 15:51:00,US5949181045,MSFT,"Microsoft",,,0.0208987800,0.773500,USD,0.74764700,,,0.01,"GBP",0.00,USD,,,,
Deposit,2025-12-12 04:56:01,,,,"Transaction ID: cb5be9a0-2d0b-48b5-a70e-0df4f253979c",0ea861b6-4303-4c1c-99bb-ec412732c731,,,,,,,675.00,"GBP",,,,,,
Dividend (Dividend),2025-12-12 12:06:14,US6935061076,PPG,"PPG Industries",,,0.0394714700,0.603500,USD,0.74695400,,,0.02,"GBP",0.00,USD,,,,
Dividend (Dividend),2025-12-12 12:36:09,US0084921008,ADC,"Agree Realty",,,0.1427763800,0.222700,USD,0.74704400,,,0.02,"GBP",0.01,USD,,,,
Interest on cash,2025-12-13 02:11:42,,,,"Interest on cash",bfb8e9c4-4ac4-4b95-ac81-721dcdbe2b4f,,,,,,,0.07,"GBP",,,,,,
Interest on cash,2025-12-14 02:12:16,,,,"Interest on cash",7fc7cf81-80b6-488f-8b45-a26edbd9ffb5,,,,,,,0.07,"GBP",,,,,,
Interest on cash,2025-12-15 02:12:06,,,,"Interest on cash",55af2b51-7409-4039-8217-074574184acb,,,,,,,0.08,"GBP",,,,,,
Dividend (Dividend),2025-12-15 14:13:22,US5801351017,MCD,"McDonald's",,,0.0413857600,1.581000,USD,0.74731700,,,0.05,"GBP",0.01,USD,,,,
Dividend (Dividend manufactured payment),2025-12-15 15:30:02,US56035L1044,MAIN,"Main Street Capital",,,0.2214917000,0.216750,USD,0.74834100,,,0.04,"GBP",0.01,USD,,,,
Dividend (Dividend manufactured payment),2025-12-15 15:44:16,US85254J1025,STAG,"STAG Industrial",,,0.2748952600,0.105542,USD,0.74837400,,,0.02,"GBP",0.01,USD,,,,
Dividend (Dividend),2025-12-15 16:09:42,US7561091049,O,"Realty Income",,,0.1867774100,0.229075,USD,0.74814500,,,0.03,"GBP",0.01,USD,,,,
Dividend (Dividend),2025-12-15 16:36:53,US1912161007,KO,"Coca-Cola",,,0.1768630000,0.433500,USD,0.74804400,,,0.06,"GBP",0.01,USD,,,,
Interest on cash,2025-12-16 02:11:12,,,,"Interest on cash",249dadf3-7af7-4648-a177-791f5cbc95c7,,,,,,,0.07,"GBP",,,,,,
Dividend (Dividend),2025-12-16 13:08:54,US26441C2044,DUK,"Duke Energy",,,0.0310897200,0.905250,USD,0.74816700,,,0.02,"GBP",0.00,USD,,,,
Interest on cash,2025-12-17 02:12:16,,,,"Interest on cash",d91e36bd-dfbc-438d-a1a4-2bd638e61fc8,,,,,,,0.07,"GBP",,,,,,
Interest on cash,2025-12-18 02:11:49,,,,"Interest on cash",7808c686-0c5c-48d6-9ce4-322152219e96,,,,,,,0.08,"GBP",,,,,,
Interest on cash,2025-12-19 02:13:25,,,,"Interest on cash",8e2df795-499a-4797-88b2-3b5ef490012b,,,,,,,0.07,"GBP",,,,,,
Interest on cash,2025-12-20 02:13:20,,,,"Interest on cash",653c2506-9661-4082-a525-e77c769c7cd2,,,,,,,0.08,"GBP",,,,,,
Interest on cash,2025-12-21 02:13:29,,,,"Interest on cash",bc08e563-a1bd-4fdf-bd53-4f64903042d3,,,,,,,0.07,"GBP",,,,,,
Interest on cash,2025-12-22 02:13:27,,,,"Interest on cash",fe880a81-1889-44e8-a9b6-c2decdd8a9dd,,,,,,,0.07,"GBP",,,,,,
Market buy,2025-12-22 14:30:05,US7802871084,RGLD,"Royal Gold",,EOF43754629212,0.0562672100,233.7600000000,USD,1.34488987,,"GBP",9.79,"GBP",,,0.01,"GBP",,
Market buy,2025-12-22 14:30:12,US0530151036,ADP,"Automatic Data Processing",,EOF43754633709,0.0566214500,257.9500000000,USD,1.34488978,,"GBP",10.88,"GBP",,,0.02,"GBP",,
Market buy,2025-12-22 14:30:12,US8552441094,SBUX,"Starbucks",,EOF43754634498,0.1351900900,88.2400000000,USD,1.34488991,,"GBP",8.88,"GBP",,,0.01,"GBP",,
Market buy,2025-12-22 14:30:12,CA0641491075,BNS,"Bank of Nova Scotia",,EOF43754634488,0.1967622300,72.9300000000,USD,1.34487998,,"GBP",10.69,"GBP",,,0.02,"GBP",,
Market buy,2025-12-22 14:30:12,US9311421039,WMT,"Walmart",,EOF43754634495,0.1271827500,114.3100000000,USD,1.34488993,,"GBP",10.83,"GBP",,,0.02,"GBP",,
Market buy,2025-12-22 14:30:12,US14149Y1082,CAH,"Cardinal Health",,EOF43754638228,0.0629601600,203.5700000000,USD,1.34488979,,"GBP",9.54,"GBP",,,0.01,"GBP",,
Market buy,2025-12-22 14:30:12,US0378331005,AAPL,"Apple",,EOF43754638966,0.0455752900,272.9600000000,USD,1.34488985,,"GBP",9.26,"GBP",,,0.01,"GBP",,
Market buy,2025-12-22 14:30:12,US3695501086,GD,"General Dynamics",,EOF43754638963,0.0362816600,339.1700000000,USD,1.34487984,,"GBP",9.16,"GBP",,,0.01,"GBP",,
Market buy,2025-12-22 14:30:12,US8718291078,SYY,"Sysco",,EOF43754643779,0.0109695300,74.4900000000,USD,1.33954145,,"GBP",0.61,"GBP",,,,,,
Market buy,2025-12-22 14:30:12,US2788651006,ECL,"Ecolab",,EOF43754643788,0.0054174500,265.1800000000,USD,1.34261625,,"GBP",1.07,"GBP",,,,,,
Market buy,2025-12-22 14:30:13,US7134481081,PEP,"PepsiCo",,EOF43754647380,0.0822664600,147.6200000000,USD,1.34486985,,"GBP",9.04,"GBP",,,0.01,"GBP",,
Market buy,2025-12-22 14:30:13,US4943681035,KMB,"Kimberly-Clark",,EOF43754647384,0.1314070900,100.4000000000,USD,1.34487990,,"GBP",9.82,"GBP",,,0.01,"GBP",,
Market buy,2025-12-22 14:30:13,US09290D1019,BLK,"BlackRock",,EOF43754647387,0.0136128800,1067.9700000000,USD,1.34487950,,"GBP",10.83,"GBP",,,0.02,"GBP",,
Market buy,2025-12-22 14:30:13,US1101221083,BMY,"Bristol-Myers Squibb",,EOF43758952148,0.2577997100,54.1500000000,USD,1.34487999,,"GBP",10.40,"GBP",,,0.02,"GBP",,
Market buy,2025-12-22 14:30:13,US5486611073,LOW,"Lowe's",,EOF43758952160,0.0594655600,241.2700000000,USD,1.34463501,,"GBP",10.69,"GBP",,,0.02,"GBP",,
Market buy,2025-12-22 14:30:13,AN8068571086,SLB,"SLB",,EOF43754648645,0.2356405200,38.4800000000,USD,1.34531857,,"GBP",6.75,"GBP",,,0.01,"GBP",,
Market buy,2025-12-22 14:30:13,US17275R1023,CSCO,"Cisco Systems",,EOF43754648638,0.1817234900,79.0400000000,USD,1.34488994,,"GBP",10.70,"GBP",,,0.02,"GBP",,
Market buy,2025-12-22 14:30:13,US5949181045,MSFT,"Microsoft",,EOF43754648641,0.0252268700,486.2000000000,USD,1.34487984,,"GBP",9.13,"GBP",,,0.01,"GBP",,
Market buy,2025-12-22 14:30:13,US56035L1044,MAIN,"Main Street Capital",,EOF43758953409,0.2426242400,59.9200000000,USD,1.34486997,,"GBP",10.83,"GBP",,,0.02,"GBP",,
Market buy,2025-12-22 14:30:13,US5021751020,LTC,"LTC Properties",,EOF43758953403,0.3830155300,34.2000000000,USD,1.34487999,,"GBP",9.75,"GBP",,,0.01,"GBP",,
Market buy,2025-12-22 14:30:21,US1912161007,KO,"Coca-Cola",,EOF43758958244,0.1821425800,69.8500000000,USD,1.34488998,,"GBP",9.47,"GBP",,,0.01,"GBP",,
Market buy,2025-12-22 14:30:21,US5801351017,MCD,"McDonald's",,EOF43758958241,0.0382967700,315.0000000000,USD,1.34486984,,"GBP",8.98,"GBP",,,0.01,"GBP",,
Market buy,2025-12-22 14:30:21,CA8911605092,TD,"Toronto-Dominion Bank",,EOF43758958238,0.1496244100,93.3000000000,USD,1.34488992,,"GBP",10.40,"GBP",,,0.02,"GBP",,
Market buy,2025-12-22 14:30:21,US57636Q1040,MA,"Mastercard",,EOF43758962463,0.0203034100,572.3100000000,USD,1.34488941,,"GBP",8.65,"GBP",,,0.01,"GBP",,
Market buy,2025-12-22 14:30:21,CH0044328745,CB,"Chubb",,EOF43758962460,0.0377872900,310.7100000000,USD,1.34488990,,"GBP",8.74,"GBP",,,0.01,"GBP",,
Market buy,2025-12-22 14:30:21,US3765361080,GOOD,"Gladstone Commercial",,EOF43758965023,1.1470008400,10.6700000000,USD,1.34488999,,"GBP",9.11,"GBP",,,0.01,"GBP",,
Market buy,2025-12-22 14:30:21,US46625H1005,JPM,"JPMorgan Chase & Co",,EOF43758966572,0.0450686800,318.4000000000,USD,1.34487982,,"GBP",10.69,"GBP",,,0.02,"GBP",,
Market buy,2025-12-22 14:30:21,US7561091049,O,"Realty Income",,EOF43758967970,0.2623418700,56.3400000000,USD,1.34488998,,"GBP",11.01,"GBP",,,0.02,"GBP",,
Market buy,2025-12-22 14:30:22,US4592001014,IBM,"IBM",,EOF43758970503,0.0484428000,301.5000000000,USD,1.34488988,,"GBP",10.88,"GBP",,,0.02,"GBP",,
Market buy,2025-12-22 14:30:22,US4781601046,JNJ,"Johnson & Johnson",,EOF43758971855,0.0593237900,206.3000000000,USD,1.34488987,,"GBP",9.11,"GBP",,,0.01,"GBP",,
Market buy,2025-12-22 14:30:27,CA0636711016,BMO,"Bank of Montreal",,EOF43758973824,0.0208956500,130.1200000000,USD,1.34601088,,"GBP",2.02,"GBP",,,,,,
Market buy,2025-12-22 14:30:27,US4523081093,ITW,"Illinois Tool Works",,EOF43758979649,0.0487791400,251.1700000000,USD,1.34487997,,"GBP",9.12,"GBP",,,0.01,"GBP",,
Market buy,2025-12-22 14:30:27,US26441C2044,DUK,"Duke Energy",,EOF43758978674,0.1129101000,115.3000000000,USD,1.34488993,,"GBP",9.69,"GBP",,,0.01,"GBP",,
Market buy,2025-12-22 14:30:27,US6703461052,NUE,"Nucor",,EOF43758978726,0.0746596900,160.5000000000,USD,1.34487993,,"GBP",8.92,"GBP",,,0.01,"GBP",,
Market buy,2025-12-22 14:30:27,CA1363851017,CNQ,"Canadian Natural Resources",,EOF43758977713,0.4771349700,32.3300000000,USD,1.34487999,,"GBP",11.49,"GBP",,,0.02,"GBP",,
Market buy,2025-12-22 14:30:27,US7427181091,PG,"Procter & Gamble",,EOF43758978991,0.0874155100,143.8500000000,USD,1.34488995,,"GBP",9.36,"GBP",,,0.01,"GBP",,
Market buy,2025-12-22 14:30:27,US5486611073,LOW,"Lowe's",,EOF43758978529,0.0016234500,240.2400000000,USD,1.34488837,,"GBP",0.29,"GBP",,,,,,
Market buy,2025-12-22 14:30:28,US6935061076,PPG,"PPG Industries",,EOF43758982248,0.1392292600,103.1600000000,USD,1.34483993,,"GBP",10.70,"GBP",,,0.02,"GBP",,
Market buy,2025-12-22 14:30:28,US85254J1025,STAG,"STAG Industrial",,EOF43758981269,0.3509456500,37.2100000000,USD,1.34486999,,"GBP",9.72,"GBP",,,0.01,"GBP",,
Market buy,2025-12-22 14:30:28,CA7800871021,RY,"Royal Bank of Canada",,EOF43758981886,0.0837125000,169.6500000000,USD,1.34486985,,"GBP",10.58,"GBP",,,0.02,"GBP",,
Market buy,2025-12-22 14:30:28,US7766961061,ROP,"Roper Technologies",,EOF43758981418,0.0328076200,443.5400000000,USD,1.34486984,,"GBP",10.84,"GBP",,,0.02,"GBP",,
Market buy,2025-12-22 14:30:28,CA0636711016,BMO,"Bank of Montreal",,EOF43758980365,0.0899819900,130.3300000000,USD,1.34487990,,"GBP",8.73,"GBP",,,0.01,"GBP",,
Market buy,2025-12-22 14:30:28,US74144T1088,TROW,"T Rowe Price",,EOF43758980525,0.1414165800,103.2800000000,USD,1.34488990,,"GBP",10.88,"GBP",,,0.02,"GBP",,
Market buy,2025-12-22 14:30:28,AN8068571086,SLB,"SLB",,EOF43758979990,0.1414019800,38.5200000000,USD,1.34488994,,"GBP",4.06,"GBP",,,0.01,"GBP",,
Market buy,2025-12-22 14:30:28,US2788651006,ECL,"Ecolab",,EOF43758980583,0.0431021900,265.2200000000,USD,1.34488974,,"GBP",8.51,"GBP",,,0.01,"GBP",,
Market buy,2025-12-22 14:30:28,US00123Q1040,AGNC,"AGNC Investment",,EOF43758982117,1.3436119300,10.6900000000,USD,1.34486999,,"GBP",10.70,"GBP",,,0.02,"GBP",,
Market buy,2025-12-22 14:30:28,US0084921008,ADC,"Agree Realty",,EOF43758981088,0.1778490400,71.9900000000,USD,1.34488995,,"GBP",9.53,"GBP",,,0.01,"GBP",,
Market buy,2025-12-22 14:30:28,US8718291078,SYY,"Sysco",,EOF43758983059,0.1569260900,74.3900000000,USD,1.34489998,,"GBP",8.69,"GBP",,,0.01,"GBP",,
Market buy,2025-12-22 14:30:28,US0010551028,AFL,"Aflac",,EOF43758983653,0.1102567400,111.0000000000,USD,1.34488990,,"GBP",9.11,"GBP",,,0.01,"GBP",,
Market buy,2025-12-22 14:30:29,US1729674242,C,"Citigroup",,EOF43758984352,0.0117078100,115.0000000000,USD,1.34639815,,"GBP",1.00,"GBP",,,,,,
Market buy,2025-12-22 14:30:29,US1729674242,C,"Citigroup",,EOF43758984554,0.1081318500,115.4200000000,USD,1.34488988,,"GBP",9.29,"GBP",,,0.01,"GBP",,
Market buy,2025-12-22 14:30:37,US8243481061,SHW,"Sherwin-Williams",,EOF43758986114,0.0406128200,322.5200000000,USD,1.34480972,,"GBP",9.75,"GBP",,,0.01,"GBP",,
Market buy,2025-12-22 14:30:57,US2910111044,EMR,"Emerson Electric",,EOF43758988284,0.1096518600,134.9200000000,USD,1.34492990,,"GBP",11.02,"GBP",,,0.02,"GBP",,
Market buy,2025-12-22 14:31:38,US1667641005,CVX,"Chevron",,EOF43758994046,0.0983712900,148.9000000000,USD,1.34503995,,"GBP",10.91,"GBP",,,0.02,"GBP",,
Market buy,2025-12-22 14:35:41,IE00BLS09M33,PNR,"Pentair",,EOF43760703954,0.1184672300,105.1500000000,USD,1.34522993,,"GBP",9.27,"GBP",,,0.01,"GBP",,
Market buy,2025-12-22 14:38:19,US3848021040,GWW,"WW Grainger",,EOF43760705194,0.0135016100,1030.3000000000,USD,1.34532966,,"GBP",10.36,"GBP",,,0.02,"GBP",,
Interest on cash,2025-12-23 02:12:16,,,,"Interest on cash",44f3efe4-79c3-4d63-9b88-362680797075,,,,,,,0.02,"GBP",,,,,,
Dividend (Dividend),2025-12-23 12:06:03,US09290D1019,BLK,"BlackRock",,,0.0123881900,4.428500,USD,0.74145500,,,0.04,"GBP",0.01,USD,,,,
Interest on cash,2025-12-24 02:11:52,,,,"Interest on cash",bae46b7e-210f-462b-84e3-54e0882c72e1,,,,,,,0.02,"GBP",,,,,,
Interest on cash,2025-12-25 02:11:27,,,,"Interest on cash",bfc7a7c2-648a-45f8-988d-93d0da47bc6e,,,,,,,0.02,"GBP",,,,,,
Interest on cash,2025-12-26 02:11:21,,,,"Interest on cash",bdd72edb-a6da-4248-a5f0-4303fc150e89,,,,,,,0.02,"GBP",,,,,,
Interest on cash,2025-12-27 02:11:57,,,,"Interest on cash",324823f6-0628-46d5-b1a2-7d059737bb22,,,,,,,0.02,"GBP",,,,,,
Interest on cash,2025-12-28 02:11:34,,,,"Interest on cash",6269539c-f1ae-41e6-8c3d-a5c84289dc47,,,,,,,0.01,"GBP",,,,,,
Interest on cash,2025-12-29 02:12:01,,,,"Interest on cash",847327f6-ddbb-4e31-9a27-b9edf0343beb,,,,,,,0.02,"GBP",,,,,,
Dividend (Dividend manufactured payment),2025-12-29 14:56:30,US56035L1044,MAIN,"Main Street Capital",,,0.1762304300,0.255000,USD,0.74130100,,,0.03,"GBP",0.01,USD,,,,
Interest on cash,2025-12-30 02:11:54,,,,"Interest on cash",40824cfe-d94c-4b38-af58-dd8fd300c880,,,,,,,0.02,"GBP",,,,,,
Dividend (Dividend),2025-12-30 15:23:14,US74144T1088,TROW,"T Rowe Price",,,0.1005454600,1.079500,USD,0.74014900,,,0.08,"GBP",0.02,USD,,,,
Interest on cash,2025-12-31 02:11:30,,,,"Interest on cash",3e1ed0af-b147-40bc-925c-17444d2ba185,,,,,,,0.02,"GBP",,,,,,
Dividend (Dividend manufactured payment),2025-12-31 15:48:08,US3765361080,GOOD,"Gladstone Commercial",,,1.1752313700,0.085000,USD,0.74300300,,,0.07,"GBP",0.02,USD,,,,
Dividend (Dividend),2025-12-31 16:14:34,US5021751020,LTC,"LTC Properties",,,0.7352295800,0.161500,USD,0.74302500,,,0.09,"GBP",0.02,USD,,,,
Interest on cash,2026-01-01 02:11:33,,,,"Interest on cash",f5113d2a-4156-4dd6-870f-8a27c7eb9bda,,,,,,,0.02,"GBP",,,,,,
Interest on cash,2026-01-02 02:12:03,,,,"Interest on cash",32fdda4e-742d-4769-bea9-be6961ccb111,,,,,,,0.02,"GBP",,,,,,
Dividend (Dividend),2026-01-02 12:54:07,US0530151036,ADP,"Automatic Data Processing",,,0.0408105500,1.445000,USD,0.74324600,,,0.04,"GBP",0.01,USD,,,,
Dividend (Dividend),2026-01-02 13:06:02,CH0044328745,CB,"Chubb",,,0.0434623600,0.970000,USD,0.74281500,,,0.03,"GBP",0.00,USD,,,,
Interest on cash,2026-01-03 02:12:00,,,,"Interest on cash",963af154-bcd5-43c4-b417-2c9c845ff162,,,,,,,0.01,"GBP",,,,,,
Interest on cash,2026-01-04 02:12:28,,,,"Interest on cash",8d8692b4-fdfe-4acf-a4e4-503f646268e2,,,,,,,0.02,"GBP",,,,,,
Interest on cash,2026-01-05 02:11:59,,,,"Interest on cash",d0f9794d-de6a-4046-bf0f-0edea0e63692,,,,,,,0.02,"GBP",,,,,,
Dividend (Dividend),2026-01-05 13:58:52,US4943681035,KMB,"Kimberly-Clark",,,0.1188373200,1.071000,USD,0.74440800,,,0.09,"GBP",0.02,USD,,,,
Dividend (Dividend manufactured payment),2026-01-05 14:16:42,US9311421039,WMT,"Walmart",,,0.0927630900,0.199750,USD,0.74446300,,,0.01,"GBP",0.00,USD,,,,
Interest on cash,2026-01-06 02:11:36,,,,"Interest on cash",1ac70baa-cb7f-46ae-be96-6e5f3a2c1172,,,,,,,0.02,"GBP",,,,,,
Dividend (Dividend),2026-01-06 14:02:49,US7134481081,PEP,"PepsiCo",,,0.0878137800,1.209125,USD,0.73764800,,,0.08,"GBP",0.02,USD,,,,
Dividend (Dividend),2026-01-06 14:17:04,CA1363851017,CNQ,"Canadian Natural Resources",,,0.3040493600,0.362992,USD,0.73715900,,,0.08,"GBP",0.02,USD,,,,
Interest on cash,2026-01-07 02:12:15,,,,"Interest on cash",7b1dfbb1-bb0d-4f74-96e0-42e967581ec5,,,,,,,0.02,"GBP",,,,,,
Interest on cash,2026-01-08 02:11:46,,,,"Interest on cash",85890e49-d0ce-43eb-9597-606982bf5cf3,,,,,,,0.01,"GBP",,,,,,
Dividend (Dividend),2026-01-08 13:57:04,AN8068571086,SLB,"SLB",,,0.3619731100,0.285000,USD,0.74327900,,,0.08,"GBP",0.00,USD,,,,
Interest on cash,2026-01-09 02:11:28,,,,"Interest on cash",019ba085-e5fe-71fa-8e50-24a7e5838187,,,,,,,0.02,"GBP",,,,,,
Dividend (Dividend),2026-01-09 14:31:07,US4523081093,ITW,"Illinois Tool Works",,,0.1003960200,1.368500,USD,0.74501800,,,0.10,"GBP",0.02,USD,,,,
Market buy,2026-01-09 17:48:48,US46625H1005,JPM,"JPMorgan Chase & Co",,EOF44658025439,0.0128055500,330.7800000000,USD,1.34044931,,"GBP",3.16,"GBP",,,,,,
Market buy,2026-01-09 17:48:48,US9311421039,WMT,"Walmart",,EOF44658025442,0.0445921700,114.8300000000,USD,1.34044996,,"GBP",3.83,"GBP",,,0.01,"GBP",,
Market buy,2026-01-09 17:48:48,US1667641005,CVX,"Chevron",,EOF44658025445,0.0188468300,161.4500000000,USD,1.34044964,,"GBP",2.27,"GBP",,,,,,
Market buy,2026-01-09 17:48:48,US5949181045,MSFT,"Microsoft",,EOF44658025448,0.0118765500,477.4200000000,USD,1.34044976,,"GBP",4.24,"GBP",,,0.01,"GBP",,
Market buy,2026-01-09 17:48:48,US7802871084,RGLD,"Royal Gold",,EOF44658025451,0.0142428200,247.5200000000,USD,1.34044973,,"GBP",2.63,"GBP",,,,,,
Market buy,2026-01-09 17:48:48,US57636Q1040,MA,"Mastercard",,EOF44658025454,0.0084037800,580.6000000000,USD,1.34044908,,"GBP",3.65,"GBP",,,0.01,"GBP",,
Market buy,2026-01-09 17:48:48,US7427181091,PG,"Procter & Gamble",,EOF44658025457,0.0392253200,142.1600000000,USD,1.34044987,,"GBP",4.17,"GBP",,,0.01,"GBP",,
Market buy,2026-01-09 17:48:48,US0378331005,AAPL,"Apple",,EOF44658025460,0.0252036200,259.0100000000,USD,1.34044961,,"GBP",4.88,"GBP",,,0.01,"GBP",,
Market buy,2026-01-09 17:48:48,US56035L1044,MAIN,"Main Street Capital",,EOF44658025463,0.0764343400,61.3800000000,USD,1.34043993,,"GBP",3.51,"GBP",,,0.01,"GBP",,
Market buy,2026-01-09 17:48:48,US1729674242,C,"Citigroup",,EOF44658025466,0.0317760000,121.4900000000,USD,1.34043966,,"GBP",2.88,"GBP",,,,,,
Market buy,2026-01-09 17:48:49,US1912161007,KO,"Coca-Cola",,EOF44658025469,0.0732189100,70.3000000000,USD,1.34043994,,"GBP",3.85,"GBP",,,0.01,"GBP",,
Market buy,2026-01-09 17:48:49,US4592001014,IBM,"IBM",,EOF44658025472,0.0159544800,305.8200000000,USD,1.34043930,,"GBP",3.65,"GBP",,,0.01,"GBP",,
Market buy,2026-01-09 17:48:49,US6935061076,PPG,"PPG Industries",,EOF44658025475,0.0403988800,106.8400000000,USD,1.34043985,,"GBP",3.22,"GBP",,,,,,
Market buy,2026-01-09 17:48:49,US8552441094,SBUX,"Starbucks",,EOF44658025478,0.0583918100,88.6100000000,USD,1.34043996,,"GBP",3.87,"GBP",,,0.01,"GBP",,
Market buy,2026-01-09 17:48:49,CA0641491075,BNS,"Bank of Nova Scotia",,EOF44658025481,0.0719934100,72.8000000000,USD,1.34043996,,"GBP",3.92,"GBP",,,0.01,"GBP",,
Market buy,2026-01-09 17:48:49,US00123Q1040,AGNC,"AGNC Investment",,EOF44658025491,0.2771324900,11.5600000000,USD,1.34043999,,"GBP",2.39,"GBP",,,,,,
Market buy,2026-01-09 17:48:49,US3695501086,GD,"General Dynamics",,EOF44658025488,0.0113312600,356.0700000000,USD,1.34043911,,"GBP",3.01,"GBP",,,,,,
Market buy,2026-01-09 17:48:49,US1101221083,BMY,"Bristol-Myers Squibb",,EOF44658025494,0.0796111000,55.9000000000,USD,1.34043990,,"GBP",3.32,"GBP",,,,,,
Market buy,2026-01-09 17:48:49,IE00BLS09M33,PNR,"Pentair",,EOF44658025497,0.0553900800,102.8500000000,USD,1.34043993,,"GBP",4.26,"GBP",,,0.01,"GBP",,
Market buy,2026-01-09 17:48:49,US17275R1023,CSCO,"Cisco Systems",,EOF44658025500,0.0930583400,73.7500000000,USD,1.34043995,,"GBP",5.13,"GBP",,,0.01,"GBP",,
Market buy,2026-01-09 17:48:49,CA8911605092,TD,"Toronto-Dominion Bank",,EOF44658025505,0.0525523100,94.1200000000,USD,1.34043995,,"GBP",3.70,"GBP",,,0.01,"GBP",,
Market buy,2026-01-09 17:48:49,US09290D1019,BLK,"BlackRock",,EOF44658025516,0.0043407300,1087.0000000000,USD,1.34044701,,"GBP",3.53,"GBP",,,0.01,"GBP",,
Market buy,2026-01-09 17:48:49,CA1363851017,CNQ,"Canadian Natural Resources",,EOF44658025510,0.1685520400,31.9700000000,USD,1.34044993,,"GBP",4.03,"GBP",,,0.01,"GBP",,
Market buy,2026-01-09 17:48:49,US4781601046,JNJ,"Johnson & Johnson",,EOF44658025513,0.0260787900,205.6000000000,USD,1.34044980,,"GBP",4.01,"GBP",,,0.01,"GBP",,
Market buy,2026-01-09 17:48:49,US14149Y1082,CAH,"Cardinal Health",,EOF44658025522,0.0276911100,200.8900000000,USD,1.34044990,,"GBP",4.16,"GBP",,,0.01,"GBP",,
Market buy,2026-01-09 17:48:49,US8243481061,SHW,"Sherwin-Williams",,EOF44658025519,0.0082231500,352.1000000000,USD,1.34044959,,"GBP",2.16,"GBP",,,,,,
Market buy,2026-01-09 17:48:50,US5486611073,LOW,"Lowe's",,EOF44658025525,0.0102998900,265.4900000000,USD,1.34044990,,"GBP",2.04,"GBP",,,,,,
Market buy,2026-01-09 17:48:50,US0010551028,AFL,"Aflac",,EOF44658025528,0.0475139100,110.5900000000,USD,1.34044982,,"GBP",3.93,"GBP",,,0.01,"GBP",,
Market buy,2026-01-09 17:48:50,US85254J1025,STAG,"STAG Industrial",,EOF44658025542,0.1258771200,37.9100000000,USD,1.34044989,,"GBP",3.57,"GBP",,,0.01,"GBP",,
Market buy,2026-01-09 17:48:50,US8718291078,SYY,"Sysco",,EOF44658025545,0.0702655200,74.4000000000,USD,1.34044992,,"GBP",3.91,"GBP",,,0.01,"GBP",,
Market buy,2026-01-09 17:48:50,US2910111044,EMR,"Emerson Electric",,EOF44658025554,0.0233145900,144.3100000000,USD,1.34044959,,"GBP",2.51,"GBP",,,,,,
Market buy,2026-01-09 17:48:50,US26441C2044,DUK,"Duke Energy",,EOF44658025548,0.0415067200,117.2300000000,USD,1.34044980,,"GBP",3.64,"GBP",,,0.01,"GBP",,
Market buy,2026-01-09 17:48:50,US5801351017,MCD,"McDonald's",,EOF44658025551,0.0194166700,306.5200000000,USD,1.34044992,,"GBP",4.45,"GBP",,,0.01,"GBP",,
Market buy,2026-01-09 17:48:50,US7561091049,O,"Realty Income",,EOF44658025568,0.0767354000,58.1700000000,USD,1.34044991,,"GBP",3.33,"GBP",,,,,,
Market buy,2026-01-09 17:48:50,US74144T1088,TROW,"T Rowe Price",,EOF44658025571,0.0384433700,108.4400000000,USD,1.34044985,,"GBP",3.11,"GBP",,,,,,
Market buy,2026-01-09 17:48:50,US6703461052,NUE,"Nucor",,EOF44658025577,0.0275756100,165.7600000000,USD,1.34044959,,"GBP",3.42,"GBP",,,0.01,"GBP",,
Market buy,2026-01-09 17:48:51,US7134481081,PEP,"PepsiCo",,EOF44658025585,0.0457068900,140.7700000000,USD,1.34044977,,"GBP",4.81,"GBP",,,0.01,"GBP",,
Market buy,2026-01-09 17:48:52,CA7800871021,RY,"Royal Bank of Canada",,EOF44658025594,0.0303858400,169.8400000000,USD,1.34044962,,"GBP",3.86,"GBP",,,0.01,"GBP",,
Market buy,2026-01-09 17:48:52,CH0044328745,CB,"Chubb",,EOF44658025597,0.0168932700,309.4600000000,USD,1.34045931,,"GBP",3.91,"GBP",,,0.01,"GBP",,
Market buy,2026-01-09 17:48:52,US4523081093,ITW,"Illinois Tool Works",,EOF44658025600,0.0189598300,254.5200000000,USD,1.34045998,,"GBP",3.61,"GBP",,,0.01,"GBP",,
Market buy,2026-01-09 17:48:52,US7766961061,ROP,"Roper Technologies",,EOF44658025603,0.0130136700,436.7400000000,USD,1.34046939,,"GBP",4.25,"GBP",,,0.01,"GBP",,
Market buy,2026-01-09 17:48:53,US2788651006,ECL,"Ecolab",,EOF44658025606,0.0155372700,273.4900000000,USD,1.34046939,,"GBP",3.17,"GBP",,,,,,
Market buy,2026-01-09 17:48:53,US0084921008,ADC,"Agree Realty",,EOF44658025611,0.0875683900,69.6500000000,USD,1.34046997,,"GBP",4.56,"GBP",,,0.01,"GBP",,
Market buy,2026-01-09 17:48:54,US0530151036,ADP,"Automatic Data Processing",,EOF44658025620,0.0161809000,267.5800000000,USD,1.34045982,,"GBP",3.23,"GBP",,,,,,
Market buy,2026-01-09 17:48:55,CA0636711016,BMO,"Bank of Montreal",,EOF44658025632,0.0339252700,133.5500000000,USD,1.34044964,,"GBP",3.39,"GBP",,,0.01,"GBP",,
Market buy,2026-01-09 17:49:08,US3765361080,GOOD,"Gladstone Commercial",,EOF44658025670,0.3929111600,11.1900000000,USD,1.34044996,,"GBP",3.28,"GBP",,,,,,
Market buy,2026-01-09 17:49:11,US4943681035,KMB,"Kimberly-Clark",,EOF44658025678,0.0591053800,98.2000000000,USD,1.34044995,,"GBP",4.34,"GBP",,,0.01,"GBP",,
Market buy,2026-01-09 17:50:09,US3848021040,GWW,"WW Grainger",,EOF44658025864,0.0048605300,1036.9500000000,USD,1.34045919,,"GBP",3.77,"GBP",,,0.01,"GBP",,
Market buy,2026-01-09 17:51:50,US5021751020,LTC,"LTC Properties",,EOF44658026116,0.1191757400,35.5400000000,USD,1.34034993,,"GBP",3.16,"GBP",,,,,,
Dividend (Dividend manufactured payment),2026-01-12 14:11:30,US00123Q1040,AGNC,"AGNC Investment",,,2.3541703300,0.102000,USD,0.74430200,,,0.18,"GBP",0.04,USD,,,,
Dividend (Dividend manufactured payment),2026-01-15 14:06:11,US0084921008,ADC,"Agree Realty",,,0.3485956600,0.222700,USD,0.74408100,,,0.06,"GBP",0.01,USD,,,,
Dividend (Dividend),2026-01-15 14:16:38,US2788651006,ECL,"Ecolab",,,0.0470817400,0.620500,USD,0.74393100,,,0.02,"GBP",0.01,USD,,,,
Dividend (Dividend),2026-01-15 14:51:31,US14149Y1082,CAH,"Cardinal Health",,,0.1235895100,0.434095,USD,0.74440800,,,0.04,"GBP",0.01,USD,,,,
Dividend (Dividend manufactured payment),2026-01-15 15:07:26,US56035L1044,MAIN,"Main Street Capital",,,0.4188546700,0.221000,USD,0.74441900,,,0.07,"GBP",0.02,USD,,,,
Dividend (Dividend),2026-01-15 15:33:48,US7561091049,O,"Realty Income",,,0.4456406900,0.229500,USD,0.74473500,,,0.08,"GBP",0.02,USD,,,,
Dividend (Dividend),2026-01-15 15:51:15,US85254J1025,STAG,"STAG Industrial",,,0.2932308300,0.105542,USD,0.74435800,,,0.02,"GBP",0.01,USD,,,,
Dividend (Dividend manufactured payment),2026-01-15 15:53:18,US85254J1025,STAG,"STAG Industrial",,,0.3828949600,0.105542,USD,0.74435800,,,0.03,"GBP",0.01,USD,,,,
Dividend (Dividend),2026-01-16 12:10:32,US7766961061,ROP,"Roper Technologies",,,0.0565761800,0.773500,USD,0.74674800,,,0.03,"GBP",0.01,USD,,,,
Dividend (Dividend),2026-01-16 12:24:20,US7802871084,RGLD,"Royal Gold",,,0.1086755400,0.403750,USD,0.74717800,,,0.03,"GBP",0.01,USD,,,,
Dividend (Dividend),2026-01-21 15:32:36,US17275R1023,CSCO,"Cisco Systems",,,0.3188266000,0.348500,USD,0.74410900,,,0.08,"GBP",0.02,USD,,,,
Interest on cash,2026-01-23 02:11:04,,,,"Interest on cash",019be89e-8f77-75b8-88d4-261103121d5a,,,,,,,0.01,"GBP",,,,,,
Dividend (Dividend),2026-01-23 10:26:57,US8718291078,SYY,"Sysco",,,0.3379026500,0.459000,USD,0.74134500,,,0.11,"GBP",0.03,USD,,,,
Dividend (Dividend),2026-01-28 12:23:23,CA0641491075,BNS,"Bank of Nova Scotia",,,0.3454342900,0.688234,USD,0.72431800,,,0.17,"GBP",0.04,USD,,,,
Dividend (Dividend),2026-01-30 13:28:49,US5021751020,LTC,"LTC Properties",,,0.8544053200,0.161500,USD,0.72628000,,,0.10,"GBP",0.02,USD,,,,
Dividend (Dividend manufactured payment),2026-01-30 13:47:22,US3765361080,GOOD,"Gladstone Commercial",,,2.7151433700,0.085000,USD,0.72615800,,,0.17,"GBP",0.04,USD,,,,
Dividend (Dividend),2026-02-02 15:45:07,US1101221083,BMY,"Bristol-Myers Squibb",,,0.4638032800,0.535500,USD,0.73088700,,,0.18,"GBP",0.04,USD,,,,
Dividend (Dividend),2026-02-02 16:08:04,US46625H1005,JPM,"JPMorgan Chase & Co",,,0.0791094700,1.275000,USD,0.73073800,,,0.07,"GBP",0.02,USD,,,,
Dividend (Dividend),2026-02-02 16:22:24,CA8911605092,TD,"Toronto-Dominion Bank",,,0.2702042800,0.671956,USD,0.73105800,,,0.13,"GBP",0.03,USD,,,,
Dividend (Dividend),2026-02-04 10:30:03,US5486611073,LOW,"Lowe's",,,0.1145069100,1.020000,USD,0.72908600,,,0.09,"GBP",0.02,USD,,,,